51-100
Boston University LogoBoston UniversityMore United States       
51-100
City University of Hong Kong LogoCity University of Hong KongMore   Hong Kong SAR       
6
51-100
Delft University of Technology LogoDelft University of TechnologyMore   Netherlands     
51-100
Duke University LogoDuke UniversityMore United States       
51-100
Ecole Polytechnique LogoEcole PolytechniqueMore France      
51-100
Eindhoven University of Technology LogoEindhoven University of TechnologyMore   Netherlands     
51-100
Fudan University LogoFudan UniversityMore   China (Mainland)        
51-100
Indian Institute of Technology Bombay (IITB) LogoIndian Institute of Technology Bombay (IITB)More   India       
51-100
Indian Institute of Technology Delhi (IITD) LogoIndian Institute of Technology Delhi (IITD)More India       
51-100
KU Leuven LogoKU LeuvenMore Belgium     
51-100
King's College London LogoKing's College LondonMore United Kingdom      
51-100
KIT, Karlsruhe Institute of Technology LogoKIT, Karlsruhe Institute of TechnologyMore   Germany     
51-100
Korea University LogoKorea UniversityMore   South Korea     
51-100
Kyoto University LogoKyoto UniversityMore   Japan       
51-100
Ludwig-Maximilians-Universität München LogoLudwig-Maximilians-Universität MünchenMore   Germany     
51-100
McGill University LogoMcGill UniversityMore Canada      
51-100
Monash University LogoMonash UniversityMore Australia       
51-100
Nanjing University LogoNanjing UniversityMore   China (Mainland)        
51-100
National Chiao Tung University LogoNational Chiao Tung UniversityMore   Taiwan      
51-100
National Tsing Hua University LogoNational Tsing Hua UniversityMore Taiwan      
51-100
Politecnico di Torino LogoPolitecnico di TorinoMore Italy       
51-100
Purdue University LogoPurdue UniversityMore United States       
51-100
RWTH Aachen University LogoRWTH Aachen UniversityMore   Germany     
51-100
Sapienza University of Rome LogoSapienza University of RomeMore Italy       
51-100
Sorbonne University LogoSorbonne UniversityMore France      
51-100
Technion - Israel Institute of Technology LogoTechnion - Israel Institute of TechnologyMore Israel      
51-100
Technische Universität Berlin (TU Berlin) LogoTechnische Universität Berlin (TU Berlin)More Germany     
51-100
Vienna University of Technology LogoVienna University of TechnologyMore Austria     
51-100
The Hong Kong Polytechnic University LogoThe Hong Kong Polytechnic UniversityMore   Hong Kong SAR       
51-100
The University of Auckland LogoThe University of AucklandMore   New Zealand     
6
51-100
The University of Manchester LogoThe University of ManchesterMore   United Kingdom      
51-100
The University of New South Wales (UNSW Sydney) LogoThe University of New South Wales (UNSW Sydney)More Australia       
6
51-100
The University of Queensland LogoThe University of QueenslandMore   Australia       
51-100
Tokyo Institute of Technology (Tokyo Tech) LogoTokyo Institute of Technology (Tokyo Tech)More   Japan       
51-100
Trinity College Dublin, The University of Dublin LogoTrinity College Dublin, The University of DublinMore   Ireland     
51-100
Universidad de Chile LogoUniversidad de ChileMore   Chile       
51-100
Universidad Nacional Autónoma de México  (UNAM) LogoUniversidad Nacional Autónoma de México (UNAM)More  Mexico      
51-100
Universidade de São Paulo LogoUniversidade de São PauloMore Brazil      
51-100
Alma Mater Studiorum - University of Bologna LogoAlma Mater Studiorum - University of BolognaMore   Italy       
51-100
University of Pisa LogoUniversity of PisaMore   Italy       
4
51-100
Université catholique de Louvain (UCLouvain) LogoUniversité catholique de Louvain (UCLouvain)More   Belgium     
51-100
Université de MontréalMore  Canada      
51-100
Universiti Malaya (UM) LogoUniversiti Malaya (UM)More   Malaysia        
5
51-100
University of Amsterdam LogoUniversity of AmsterdamMore Netherlands     
51-100
University of Chicago LogoUniversity of ChicagoMore United States       
51-100
University of Maryland, College Park LogoUniversity of Maryland, College ParkMore   United States       
51-100
University of Science and Technology of China LogoUniversity of Science and Technology of ChinaMore China (Mainland)        
51-100
University of Technology Sydney LogoUniversity of Technology SydneyMore Australia       
5
51-100
University of Wisconsin-Madison LogoUniversity of Wisconsin-MadisonMore United States       
51-100
Zhejiang University LogoZhejiang UniversityMore China (Mainland)        
101-150
Aalto University LogoAalto UniversityMore   Finland     
101-150
Aarhus University LogoAarhus UniversityMore Denmark     
101-150
Brown University LogoBrown UniversityMore   United States       
101-150
CentraleSupélec LogoCentraleSupélecMore France      
101-150
Chalmers University of Technology LogoChalmers University of TechnologyMore Sweden      
101-150
Humboldt-Universität zu Berlin LogoHumboldt-Universität zu BerlinMore   Germany     
101-150
Indian Institute of Technology Kanpur (IITK) LogoIndian Institute of Technology Kanpur (IITK)More   India       
101-150
Indian Institute of Technology Kharagpur (IIT-KGP) LogoIndian Institute of Technology Kharagpur (IIT-KGP)More   India       
101-150
Indian Institute of Technology Madras (IITM) LogoIndian Institute of Technology Madras (IITM)More   India       
101-150
ITMO University LogoITMO UniversityMore Russia      
101-150
Johns Hopkins University LogoJohns Hopkins UniversityMore   United States       
101-150
Keio University LogoKeio UniversityMore Japan       
101-150
The London School of Economics and Political Science (LSE) LogoThe London School of Economics and Political Science (LSE)More   United Kingdom      
101-150
National Cheng Kung University (NCKU) LogoNational Cheng Kung University (NCKU)More Taiwan      
101-150
National Technical University of Athens LogoNational Technical University of AthensMore Greece      
101-150
Northwestern University LogoNorthwestern UniversityMore United States       
101-150
Osaka University LogoOsaka UniversityMore   Japan       
101-150
Pennsylvania State University LogoPennsylvania State UniversityMore United States       
101-150
Pohang University of Science And Technology (POSTECH) LogoPohang University of Science And Technology (POSTECH)More South Korea     
101-150
Pontificia Universidad Católica de Chile (UC) LogoPontificia Universidad Católica de Chile (UC)More Chile       
101-150
Queensland University of Technology (QUT) LogoQueensland University of Technology (QUT)More Australia       
101-150
RMIT University LogoRMIT UniversityMore Australia       
5
101-150
Rutgers University–New Brunswick LogoRutgers University–New BrunswickMore   United States       
101-150
Saint Petersburg State University LogoSaint Petersburg State UniversityMore Russia      
101-150
Simon Fraser University LogoSimon Fraser UniversityMore Canada      
101-150
Sun Yat-sen University LogoSun Yat-sen UniversityMore   China (Mainland)        
101-150
Sungkyunkwan University(SKKU) LogoSungkyunkwan University(SKKU)More South Korea     
101-150
Technical University of Darmstadt LogoTechnical University of DarmstadtMore Germany     
101-150
Tel Aviv University LogoTel Aviv UniversityMore Israel      
101-150
TELECOM Paris LogoTELECOM ParisMore France      
101-150
The University of Adelaide LogoThe University of AdelaideMore   Australia       
6
101-150
The University of Warwick LogoThe University of WarwickMore United Kingdom      
101-150
Universidade Estadual de Campinas (Unicamp) LogoUniversidade Estadual de Campinas (Unicamp)More Brazil      
101-150
University of Milan LogoUniversity of MilanMore Italy       
101-150
Università di Padova LogoUniversità di PadovaMore   Italy       
101-150
University of Trento LogoUniversity of TrentoMore   Italy       
101-150
Universität des Saarlandes LogoUniversität des SaarlandesMore   Germany     
101-150
Universitat Politècnica de Catalunya · BarcelonaTech (UPC) LogoUniversitat Politècnica de Catalunya · BarcelonaTech (UPC)More   Spain       
101-150
University College Dublin LogoUniversity College DublinMore Ireland     
101-150
University of Alberta LogoUniversity of AlbertaMore Canada      
101-150
University of California, Irvine LogoUniversity of California, IrvineMore   United States       
101-150
University of Copenhagen LogoUniversity of CopenhagenMore   Denmark     
101-150
University of Glasgow LogoUniversity of GlasgowMore United Kingdom      
6
101-150
University of Lisbon LogoUniversity of LisbonMore   Portugal        
101-150
University of Massachusetts Amherst LogoUniversity of Massachusetts AmherstMore United States       
101-150
University of North Carolina, Chapel Hill LogoUniversity of North Carolina, Chapel HillMore United States       
101-150
University of Southampton LogoUniversity of SouthamptonMore United Kingdom      
101-150
University of Zurich LogoUniversity of ZurichMore   Switzerland     
101-150
Uppsala University LogoUppsala UniversityMore   Sweden      
101-150
Vrije Universiteit Amsterdam LogoVrije Universiteit AmsterdamMore   Netherlands     
101-150
Xi’an Jiaotong University LogoXi’an Jiaotong UniversityMore China (Mainland)        
101-150
Yonsei University LogoYonsei UniversityMore South Korea     
151-200
Aalborg University LogoAalborg UniversityMore   Denmark     
5
151-200
Arizona State University LogoArizona State UniversityMore   United States       
151-200
Cairo University LogoCairo UniversityMore   Egypt       
151-200
Freie Universitaet Berlin LogoFreie Universitaet BerlinMore Germany     
151-200
Hanyang University LogoHanyang UniversityMore   South Korea     
151-200
Harbin Institute of Technology LogoHarbin Institute of TechnologyMore   China (Mainland)        
151-200
The Hebrew University of Jerusalem LogoThe Hebrew University of JerusalemMore   Israel      
151-200
Huazhong University of Science and Technology LogoHuazhong University of Science and TechnologyMore China (Mainland)        
151-200
Indian Institute of Science LogoIndian Institute of ScienceMore India       
151-200
King Abdulaziz University (KAU) LogoKing Abdulaziz University (KAU)More Saudi Arabia        
151-200
King Fahd University of Petroleum & Minerals LogoKing Fahd University of Petroleum & MineralsMore   Saudi Arabia        
151-200
Kyushu University LogoKyushu UniversityMore Japan       
151-200
Lancaster University LogoLancaster UniversityMore   United Kingdom      
151-200
Lund University LogoLund UniversityMore Sweden      
151-200
Michigan State University LogoMichigan State UniversityMore United States       
151-200
National Taiwan University of Science and Technology (Taiwan Tech) LogoNational Taiwan University of Science and Technology (Taiwan Tech)More   Taiwan      
151-200
Northeastern University LogoNortheastern UniversityMore United States       
151-200
Norwegian University of Science And Technology LogoNorwegian University of Science And TechnologyMore   Norway      
151-200
The Ohio State University LogoThe Ohio State UniversityMore United States       
6
151-200
Queen Mary University of London LogoQueen Mary University of LondonMore United Kingdom      
151-200
Queen's University at Kingston LogoQueen's University at KingstonMore   Canada      
151-200
Rice University LogoRice UniversityMore United States       
151-200
Ruprecht-Karls-Universität Heidelberg LogoRuprecht-Karls-Universität HeidelbergMore Germany     
151-200
Singapore Management University LogoSingapore Management UniversityMore Singapore       
151-200
Stony Brook University, State University of New York LogoStony Brook University, State University of New YorkMore   United States       
151-200
Technische Universität Dresden LogoTechnische Universität DresdenMore   Germany     
151-200
Tecnológico de Monterrey LogoTecnológico de MonterreyMore   Mexico      
151-200
Texas A&M University LogoTexas A&M UniversityMore   United States       
151-200
The University of Sheffield LogoThe University of SheffieldMore United Kingdom      
151-200
The University of Western Australia LogoThe University of Western AustraliaMore Australia       
151-200
Tohoku University LogoTohoku UniversityMore Japan       
151-200
Universidad Carlos III de Madrid (UC3M) LogoUniversidad Carlos III de Madrid (UC3M)More Spain       
151-200
Complutense University of Madrid LogoComplutense University of MadridMore   Spain       
151-200
Universidad Politécnica de Madrid LogoUniversidad Politécnica de MadridMore Spain       
151-200
Universitat de Barcelona LogoUniversitat de BarcelonaMore   Spain       
151-200
University of Vienna LogoUniversity of ViennaMore   Austria     
151-200
Université Grenoble Alpes LogoUniversité Grenoble AlpesMore France      
151-200
University of Birmingham LogoUniversity of BirminghamMore   United Kingdom      
151-200
University of Bristol LogoUniversity of BristolMore United Kingdom      
6
151-200
University of California, Santa Barbara (UCSB) LogoUniversity of California, Santa Barbara (UCSB)More   United States       
151-200
University of Helsinki LogoUniversity of HelsinkiMore   Finland     
151-200
University of Illinois at Chicago (UIC) LogoUniversity of Illinois at Chicago (UIC)More United States       
151-200
University of Pittsburgh LogoUniversity of PittsburghMore   United States       
151-200
University of Twente LogoUniversity of TwenteMore   Netherlands     
151-200
University of Virginia LogoUniversity of VirginiaMore   United States       
151-200
University of York LogoUniversity of YorkMore   United Kingdom      
151-200
Victoria University of Wellington LogoVictoria University of WellingtonMore New Zealand     
6
151-200
Virginia Polytechnic Institute and State University LogoVirginia Polytechnic Institute and State UniversityMore United States       
151-200
Waseda University LogoWaseda UniversityMore Japan       
151-200
Western University LogoWestern UniversityMore   Canada      
6
151-200
Wuhan University LogoWuhan UniversityMore   China (Mainland)        
201-250
Beijing Institute of Technology LogoBeijing Institute of TechnologyMore China (Mainland)        
201-250
Deakin UniversityMore   Australia       
201-250
Indian Institute of Technology Roorkee (IITR) LogoIndian Institute of Technology Roorkee (IITR)More India       
201-250
Indiana University Bloomington LogoIndiana University BloomingtonMore   United States       
201-250
Instituto Politécnico Nacional (IPN) LogoInstituto Politécnico Nacional (IPN)More   Mexico      
201-250
Kyung Hee University LogoKyung Hee UniversityMore   South Korea     
201-250
Linköping University LogoLinköping UniversityMore   Sweden      
201-250
McMaster University LogoMcMaster UniversityMore Canada      
6
201-250
Moscow Institute of Physics and Technology (MIPT / Moscow Phystech) LogoMoscow Institute of Physics and Technology (MIPT / Moscow Phystech)More Russia      
201-250
Nagoya University LogoNagoya UniversityMore Japan       
201-250
National and Kapodistrian University of Athens LogoNational and Kapodistrian University of AthensMore   Greece      
201-250
HSE University (National Research University Higher School of Economics) LogoHSE University (National Research University Higher School of Economics)More   Russia      
201-250
National University of Sciences And Technology (NUST) Islamabad LogoNational University of Sciences And Technology (NUST) IslamabadMore Pakistan        
201-250
Newcastle University LogoNewcastle UniversityMore   United Kingdom      
6
201-250
Renmin (People's) University of China LogoRenmin (People's) University of ChinaMore China (Mainland)        
201-250
Rheinische Friedrich-Wilhelms-Universität Bonn LogoRheinische Friedrich-Wilhelms-Universität BonnMore   Germany     
201-250
Stockholm University LogoStockholm UniversityMore   Sweden      
201-250
Swinburne University of Technology LogoSwinburne University of TechnologyMore   Australia       
201-250
Technical University of Denmark LogoTechnical University of DenmarkMore Denmark     
201-250
University of Nottingham LogoUniversity of NottinghamMore   United Kingdom      
201-250
Universidad de Buenos Aires (UBA) LogoUniversidad de Buenos Aires (UBA)More Argentina       
201-250
University of Granada LogoUniversity of GranadaMore Spain       
201-250
Universitat Politècnica de València LogoUniversitat Politècnica de ValènciaMore Spain       
201-250
Universidade Federal de Minas Gerais LogoUniversidade Federal de Minas GeraisMore   Brazil      
201-250
Universidade Federal do Rio de Janeiro LogoUniversidade Federal do Rio de JaneiroMore   Brazil      
201-250
Albert-Ludwigs-Universitaet Freiburg LogoAlbert-Ludwigs-Universitaet FreiburgMore   Germany     
201-250
Universität Stuttgart LogoUniversität StuttgartMore Germany     
201-250
Universite libre de Bruxelles LogoUniversite libre de BruxellesMore Belgium     
201-250
Université Paris-Saclay LogoUniversité Paris-SaclayMore France      
201-250
Universiti Putra Malaysia (UPM) LogoUniversiti Putra Malaysia (UPM)More Malaysia        
5
201-250
Universiti Sains Malaysia (USM) LogoUniversiti Sains Malaysia (USM)More Malaysia        
5
201-250
Universiti Teknologi Malaysia LogoUniversiti Teknologi MalaysiaMore Malaysia        
5
201-250
University College Cork LogoUniversity College CorkMore Ireland     
201-250
The University of Arizona LogoThe University of ArizonaMore United States       
201-250
University of Calgary LogoUniversity of CalgaryMore Canada      
5
201-250
University of California, Davis LogoUniversity of California, DavisMore United States       
201-250
University of Colorado Boulder LogoUniversity of Colorado BoulderMore   United States       
201-250
University of Florida LogoUniversity of FloridaMore United States       
201-250
University of Geneva LogoUniversity of GenevaMore   Switzerland     
201-250
Ghent University LogoGhent UniversityMore   Belgium     
201-250
University of Leeds LogoUniversity of LeedsMore United Kingdom      
201-250
University of Minnesota Twin Cities LogoUniversity of Minnesota Twin CitiesMore United States       
201-250
University of Oslo LogoUniversity of OsloMore   Norway      
201-250
University of Ottawa LogoUniversity of OttawaMore   Canada      
201-250
University of Warsaw LogoUniversity of WarsawMore   Poland      
201-250
University of Wollongong LogoUniversity of WollongongMore   Australia       
6
201-250
Utrecht University LogoUtrecht UniversityMore   Netherlands     
251-300
Bandung Institute of Technology (ITB) LogoBandung Institute of Technology (ITB)More Indonesia       
251-300
Beihang University (former BUAA) LogoBeihang University (former BUAA)More   China (Mainland)        
251-300
Cardiff UniversityMore  United Kingdom      
251-300
Charles University LogoCharles UniversityMore   Czech Republic      
251-300
Czech Technical University in Prague LogoCzech Technical University in PragueMore   Czech Republic      
251-300
Dublin City University LogoDublin City UniversityMore   Ireland     
251-300
Durham University LogoDurham UniversityMore United Kingdom      
251-300
École Normale Supérieure de Lyon LogoÉcole Normale Supérieure de LyonMore   France      
251-300
George Washington University LogoGeorge Washington UniversityMore   United States       
251-300
Hokkaido University LogoHokkaido UniversityMore Japan       
251-300
IMT Atlantique LogoIMT AtlantiqueMore   France      
251-300
Johannes Kepler University Linz LogoJohannes Kepler University LinzMore Austria     
251-300
King Abdullah University of Science & Technology (KAUST) LogoKing Abdullah University of Science & Technology (KAUST)More   Saudi Arabia        
251-300
King Saud University LogoKing Saud UniversityMore   Saudi Arabia        
5
251-300
Leiden University LogoLeiden UniversityMore Netherlands     
251-300
Loughborough University LogoLoughborough UniversityMore United Kingdom      
6
251-300
Macquarie University LogoMacquarie UniversityMore   Australia       
5
251-300
Middle East Technical University LogoMiddle East Technical UniversityMore   Turkey      
251-300
National Central University LogoNational Central UniversityMore Taiwan      
251-300
National Chengchi University LogoNational Chengchi UniversityMore   Taiwan      
251-300
National Sun Yat-sen University LogoNational Sun Yat-sen UniversityMore Taiwan      
251-300
National University of Ireland Galway LogoNational University of Ireland GalwayMore Ireland     
5
251-300
North Carolina State University LogoNorth Carolina State UniversityMore United States       
6
251-300
Pontifícia Universidade Católica do Rio de Janeiro LogoPontifícia Universidade Católica do Rio de JaneiroMore   Brazil      
251-300
Royal Holloway University of London LogoRoyal Holloway University of LondonMore United Kingdom      
251-300
Graz University of Technology LogoGraz University of TechnologyMore Austria     
251-300
Universidad de los Andes LogoUniversidad de los AndesMore   Colombia        
5
251-300
Universidade Federal do Rio Grande Do Sul LogoUniversidade Federal do Rio Grande Do SulMore Brazil      
251-300
University of Genoa LogoUniversity of GenoaMore Italy       
251-300
University of Naples - Federico II LogoUniversity of Naples - Federico IIMore   Italy       
251-300
University of Rome University of Rome "Tor Vergata"More Italy       
251-300
Université du Québec LogoUniversité du QuébecMore   Canada      
251-300
Université Diderot  Paris 7 LogoUniversité Diderot Paris 7More  France      
251-300
Universiti Kebangsaan Malaysia (UKM) LogoUniversiti Kebangsaan Malaysia (UKM)More   Malaysia        
5
251-300
University of Canterbury LogoUniversity of CanterburyMore   New Zealand     
5
251-300
University of Coimbra LogoUniversity of CoimbraMore Portugal        
251-300
University of Groningen LogoUniversity of GroningenMore Netherlands     
251-300
The University of Newcastle, Australia (UON) LogoThe University of Newcastle, Australia (UON)More   Australia       
251-300
University of Notre Dame LogoUniversity of Notre DameMore   United States       
251-300
University of Otago LogoUniversity of OtagoMore New Zealand     
6
251-300
University of Porto LogoUniversity of PortoMore Portugal        
251-300
University of Surrey LogoUniversity of SurreyMore   United Kingdom      
5
251-300
University of Texas Dallas LogoUniversity of Texas DallasMore   United States       
251-300
University of Victoria (UVic) LogoUniversity of Victoria (UVic)More Canada      
251-300
Vrije Universiteit Brussel (VUB) LogoVrije Universiteit Brussel (VUB)More   Belgium     
251-300
Warsaw University of Technology LogoWarsaw University of TechnologyMore Poland      
251-300
Washington State University LogoWashington State UniversityMore United States       
251-300
Washington University in St. Louis LogoWashington University in St. LouisMore   United States       
251-300
Weizmann Institute of Science LogoWeizmann Institute of ScienceMore Israel      
251-300
Westfälische Wilhelms-Universität Münster LogoWestfälische Wilhelms-Universität MünsterMore Germany     
301-350
Alexandria University LogoAlexandria UniversityMore Egypt       
301-350
American University of Beirut (AUB) LogoAmerican University of Beirut (AUB)More Lebanon     
301-350
Aristotle University of Thessaloniki LogoAristotle University of ThessalonikiMore   Greece      
301-350
Bauman Moscow State Technical University LogoBauman Moscow State Technical UniversityMore   Russia      
301-350
Beijing Normal University LogoBeijing Normal UniversityMore China (Mainland)        
301-350
Beijing University of Posts and Telecommunications LogoBeijing University of Posts and TelecommunicationsMore   China (Mainland)        
301-350
Brunel University London LogoBrunel University LondonMore   United Kingdom      
301-350
Chulalongkorn University LogoChulalongkorn UniversityMore   Thailand        
301-350
COMSATS University Islamabad LogoCOMSATS University IslamabadMore   Pakistan        
301-350
Concordia University LogoConcordia UniversityMore   Canada      
301-350
Curtin University LogoCurtin UniversityMore Australia       
5
301-350
Dartmouth College LogoDartmouth CollegeMore United States       
301-350
Eberhard Karls Universität Tübingen LogoEberhard Karls Universität TübingenMore Germany     
301-350
Florida State University LogoFlorida State UniversityMore   United States       
301-350
George Mason University LogoGeorge Mason UniversityMore United States       
301-350
Institut polytechnique de Grenoble - Grenoble Institute of Technology LogoInstitut polytechnique de Grenoble - Grenoble Institute of TechnologyMore France      
301-350
Illinois Institute of Technology LogoIllinois Institute of TechnologyMore   United States       
301-350
Indian Institute of Technology Guwahati (IITG) LogoIndian Institute of Technology Guwahati (IITG)More   India       
301-350
Indian Statistical Institute LogoIndian Statistical InstituteMore   India       
301-350
Jordan University of Science & Technology LogoJordan University of Science & TechnologyMore Jordan      
5
301-350
Novosibirsk State University LogoNovosibirsk State UniversityMore   Russia      
301-350
Oxford Brookes University LogoOxford Brookes UniversityMore United Kingdom      
301-350
Queen's University Belfast LogoQueen's University BelfastMore   United Kingdom      
301-350
Radboud University LogoRadboud UniversityMore   Netherlands     
301-350
Ruhr-Universität Bochum LogoRuhr-Universität BochumMore Germany     
301-350
Shandong University LogoShandong UniversityMore China (Mainland)        
301-350
Sharif University of Technology LogoSharif University of TechnologyMore Iran, Islamic Republic of       
301-350
Syracuse University LogoSyracuse UniversityMore United States       
301-350
TU Dortmund University LogoTU Dortmund UniversityMore   Germany     
301-350
Universidad Técnica Federico Santa María (USM) LogoUniversidad Técnica Federico Santa María (USM)More   Chile       
301-350
UNESP LogoUNESPMore Brazil      
4
301-350
Universität Hamburg LogoUniversität HamburgMore Germany     
301-350
Université de Montpellier LogoUniversité de MontpellierMore France      
301-350
UCT Graduate School of Business LogoUCT Graduate School of BusinessMore South Africa        
301-350
University of Delhi LogoUniversity of DelhiMore India       
301-350
Universitas Indonesia LogoUniversitas IndonesiaMore Indonesia       
301-350
University of Jordan LogoUniversity of JordanMore   Jordan      
5
301-350
University of Limerick LogoUniversity of LimerickMore   Ireland     
301-350
University of Luxembourg LogoUniversity of LuxembourgMore   Luxembourg      
301-350
University of Macau LogoUniversity of MacauMore Macau SAR       
301-350
University of Oulu LogoUniversity of OuluMore   Finland     
301-350
University of Patras LogoUniversity of PatrasMore   Greece      
301-350
University of Rochester LogoUniversity of RochesterMore United States       
301-350
University of Science and Technology Beijing LogoUniversity of Science and Technology BeijingMore   China (Mainland)        
301-350
University of South Australia LogoUniversity of South AustraliaMore Australia       
5
301-350
University of St Andrews LogoUniversity of St AndrewsMore   United Kingdom      
301-350
University of Tsukuba LogoUniversity of TsukubaMore Japan       
301-350
University of Utah LogoUniversity of UtahMore   United States       
301-350
University of Waikato LogoUniversity of WaikatoMore New Zealand     
301-350
Vanderbilt University LogoVanderbilt UniversityMore United States       
351-400
Athens University of Economics and Business LogoAthens University of Economics and BusinessMore Greece      
351-400
Auckland University of Technology (AUT) LogoAuckland University of Technology (AUT)More New Zealand     
5
351-400
Beijing Jiaotong University LogoBeijing Jiaotong UniversityMore China (Mainland)        
351-400
Ben-Gurion University of The Negev LogoBen-Gurion University of The NegevMore   Israel      
351-400
Bilkent University LogoBilkent UniversityMore   Turkey      
351-400
Bogaziçi Üniversitesi LogoBogaziçi ÜniversitesiMore Turkey      
351-400
City, University of London LogoCity, University of LondonMore   United Kingdom      
351-400
ENS Paris-Saclay LogoENS Paris-SaclayMore   France      
351-400
University of Göttingen LogoUniversity of GöttingenMore Germany     
351-400
Griffith University LogoGriffith UniversityMore Australia       
351-400
Heriot-Watt University LogoHeriot-Watt UniversityMore   United Kingdom      
351-400
Hong Kong Baptist University LogoHong Kong Baptist UniversityMore   Hong Kong SAR       
5
351-400
Institut National des Sciences Appliquées de Lyon (INSA) LogoInstitut National des Sciences Appliquées de Lyon (INSA)More   France      
351-400
International Institute of Information Technology - Hyderabad (IIIT-H) LogoInternational Institute of Information Technology - Hyderabad (IIIT-H)More   India       
351-400
Istanbul Technical University LogoIstanbul Technical UniversityMore Turkey      
351-400
Jilin University LogoJilin UniversityMore   China (Mainland)        
351-400
Lahore University of Management Sciences (LUMS) LogoLahore University of Management Sciences (LUMS)More Pakistan        
351-400
Massey University LogoMassey UniversityMore New Zealand     
6
351-400
National Taipei University of Technology LogoNational Taipei University of TechnologyMore   Taiwan      
351-400
Peter the Great St. Petersburg Polytechnic University LogoPeter the Great St. Petersburg Polytechnic UniversityMore Russia      
351-400
Rensselaer Polytechnic Institute LogoRensselaer Polytechnic InstituteMore   United States       
351-400
Shanghai University LogoShanghai UniversityMore China (Mainland)        
351-400
Sogang University LogoSogang UniversityMore South Korea     
351-400
Technische Universität Kaiserslautern LogoTechnische Universität KaiserslauternMore Germany     
351-400
The Open University LogoThe Open UniversityMore United Kingdom      
351-400
Tongji University LogoTongji UniversityMore China (Mainland)        
351-400
United Arab Emirates University LogoUnited Arab Emirates UniversityMore United Arab Emirates        
5
351-400
Universidade Federal de Pernambuco (UFPE) LogoUniversidade Federal de Pernambuco (UFPE)More Brazil      
351-400
Ca' Foscari University of Venice LogoCa' Foscari University of VeniceMore   Italy       
351-400
University of Turin LogoUniversity of TurinMore Italy       
351-400
Friedrich-Alexander-Universität Erlangen-Nürnberg LogoFriedrich-Alexander-Universität Erlangen-NürnbergMore Germany     
351-400
Goethe-University Frankfurt am Main LogoGoethe-University Frankfurt am MainMore Germany     
351-400
University of Bordeaux LogoUniversity of BordeauxMore   France      
351-400
Universiti Teknologi PETRONAS (UTP) LogoUniversiti Teknologi PETRONAS (UTP)More Malaysia        
351-400
University at Buffalo SUNY LogoUniversity at Buffalo SUNYMore   United States       
351-400
University of Aberdeen LogoUniversity of AberdeenMore   United Kingdom      
351-400
University of Bath LogoUniversity of BathMore   United Kingdom      
351-400
University of Bern LogoUniversity of BernMore   Switzerland     
351-400
University of California, Santa Cruz LogoUniversity of California, Santa CruzMore   United States       
351-400
University of Central Florida LogoUniversity of Central FloridaMore United States       
351-400
University of Essex LogoUniversity of EssexMore United Kingdom      
351-400
University of Kent LogoUniversity of KentMore   United Kingdom      
351-400
University of Liverpool LogoUniversity of LiverpoolMore United Kingdom      
351-400
University of Miami LogoUniversity of MiamiMore United States       
351-400
University of Milano-Bicocca LogoUniversity of Milano-BicoccaMore   Italy       
351-400
University of South Florida LogoUniversity of South FloridaMore United States       
351-400
University of Strathclyde LogoUniversity of StrathclydeMore United Kingdom      
5
351-400
University of Tartu LogoUniversity of TartuMore Estonia     
351-400
Western Sydney University LogoWestern Sydney UniversityMore Australia       
5
351-400
York University LogoYork UniversityMore Canada      
401-450
Ain Shams University LogoAin Shams UniversityMore   Egypt       
4
401-450
The American University in Cairo LogoThe American University in CairoMore   Egypt       
401-450
Anna University LogoAnna UniversityMore India       
401-450
Brno University of Technology LogoBrno University of TechnologyMore Czech Republic      
401-450
Budapest University of Technology and Economics LogoBudapest University of Technology and EconomicsMore Hungary     
401-450
Carleton University LogoCarleton UniversityMore Canada      
401-450
City University of New York LogoCity University of New YorkMore United States       
401-450
Georgetown University LogoGeorgetown UniversityMore United States       
401-450
Georgia State University LogoGeorgia State UniversityMore   United States       
401-450
Iowa State University LogoIowa State UniversityMore United States       
401-450
Jadavpur University LogoJadavpur UniversityMore India       
401-450
Japan Advanced Institute of Science and Technology LogoJapan Advanced Institute of Science and TechnologyMore   Japan       
401-450
Koç University LogoKoç UniversityMore   Turkey      
401-450
National Research Nuclear University MEPhI (Moscow Engineering Physics Institute) LogoNational Research Nuclear University MEPhI (Moscow Engineering Physics Institute)More Russia      
401-450
National Taiwan Normal University LogoNational Taiwan Normal UniversityMore Taiwan      
401-450
Qatar University LogoQatar UniversityMore   Qatar       
401-450
Ryerson University LogoRyerson UniversityMore   Canada      
401-450
Sejong University LogoSejong UniversityMore South Korea     
401-450
Tampere University of Technology  LogoTampere University of TechnologyMore  Finland     
401-450
Technische Universität Braunschweig LogoTechnische Universität BraunschweigMore Germany     
401-450
Universidad de Santiago de Chile (USACH) LogoUniversidad de Santiago de Chile (USACH)More   Chile       
401-450
Universidad de Sevilla LogoUniversidad de SevillaMore   Spain       
401-450
Universidad Rey Juan Carlos LogoUniversidad Rey Juan CarlosMore Spain       
4
401-450
Catania University LogoCatania UniversityMore   Italy       
401-450
University of Florence LogoUniversity of FlorenceMore   Italy       
401-450
Università degli studi Roma Tre LogoUniversità degli studi Roma TreMore Italy       
401-450
Gadjah Mada University LogoGadjah Mada UniversityMore   Indonesia       
401-450
Universität Bremen LogoUniversität BremenMore   Germany     
401-450
Universität Innsbruck LogoUniversität InnsbruckMore Austria     
401-450
Université de Lorraine LogoUniversité de LorraineMore   France      
401-450
Université de Rennes 1 LogoUniversité de Rennes 1More   France      
401-450
Université de Technologie de Compiègne (UTC) LogoUniversité de Technologie de Compiègne (UTC)More   France      
401-450
Université Paris 1 Panthéon-Sorbonne LogoUniversité Paris 1 Panthéon-SorbonneMore   France      
401-450
Université Paul Sabatier Toulouse III LogoUniversité Paul Sabatier Toulouse IIIMore France      
401-450
USI - Università della Svizzera italianaMore    Switzerland     
401-450
University of Antwerp LogoUniversity of AntwerpMore Belgium     
401-450
University of Bergen LogoUniversity of BergenMore   Norway      
401-450
University of California, Riverside LogoUniversity of California, RiversideMore United States       
401-450
University of Electronic Science and Technology of China LogoUniversity of Electronic Science and Technology of ChinaMore   China (Mainland)        
401-450
The University of Exeter LogoThe University of ExeterMore   United Kingdom      
5
401-450
University of Gothenburg LogoUniversity of GothenburgMore   Sweden      
401-450
University of Leicester LogoUniversity of LeicesterMore United Kingdom      
5
401-450
University of Ljubljana LogoUniversity of LjubljanaMore Slovenia        
401-450
University of Manitoba LogoUniversity of ManitobaMore   Canada      
401-450
University of Mons LogoUniversity of MonsMore   Belgium     
401-450
University of South Carolina LogoUniversity of South CarolinaMore   United States       
401-450
The University of Tennessee, Knoxville LogoThe University of Tennessee, KnoxvilleMore   United States       
401-450
University POLITEHNICA of Bucharest LogoUniversity POLITEHNICA of BucharestMore Romania     
401-450
WU (Vienna University of Economics and Business) LogoWU (Vienna University of Economics and Business)More   Austria     
401-450
Xidian University LogoXidian UniversityMore China (Mainland)        
451-500
American University of Sharjah LogoAmerican University of SharjahMore   United Arab Emirates        
451-500
Aston University LogoAston UniversityMore   United Kingdom      
451-500
Bar-Ilan University LogoBar-Ilan UniversityMore Israel      
451-500
Beijing University of Technology LogoBeijing University of TechnologyMore   China (Mainland)        
451-500
Birla Institute of Technology and Science, Pilani LogoBirla Institute of Technology and Science, PilaniMore India       
451-500
Case Western Reserve University LogoCase Western Reserve UniversityMore United States       
451-500
Chung-Ang University (CAU) LogoChung-Ang University (CAU)More   South Korea     
451-500
William & Mary LogoWilliam & MaryMore   United States       
451-500
Coventry University LogoCoventry UniversityMore United Kingdom      
5
451-500
Cranfield University LogoCranfield UniversityMore   United Kingdom      
451-500
Dalhousie University LogoDalhousie UniversityMore   Canada      
5
451-500
Emory University LogoEmory UniversityMore   United States       
451-500
Khalifa University of Science and Technology LogoKhalifa University of Science and TechnologyMore   United Arab Emirates        
451-500
Kobe University LogoKobe UniversityMore Japan       
451-500
Konkuk University LogoKonkuk UniversityMore South Korea     
451-500
Kyungpook National University LogoKyungpook National UniversityMore South Korea     
451-500
La Trobe University LogoLa Trobe UniversityMore Australia       
5
451-500
Masaryk University LogoMasaryk UniversityMore   Czech Republic      
451-500
Multimedia University (MMU) LogoMultimedia University (MMU)More Malaysia        
451-500
Nankai University LogoNankai UniversityMore China (Mainland)        
451-500
National Chung Cheng University LogoNational Chung Cheng UniversityMore Taiwan      
451-500
National Chung Hsing University LogoNational Chung Hsing UniversityMore Taiwan      
451-500
New Jersey Institute of Technology (NJIT) LogoNew Jersey Institute of Technology (NJIT)More United States       
451-500
Quaid-i-Azam University LogoQuaid-i-Azam UniversityMore Pakistan        
451-500
Ritsumeikan University LogoRitsumeikan UniversityMore   Japan       
4
451-500
South China University of Technology LogoSouth China University of TechnologyMore   China (Mainland)        
451-500
Southeast University LogoSoutheast UniversityMore   China (Mainland)        
451-500
Stellenbosch University LogoStellenbosch UniversityMore South Africa        
451-500
The University of Georgia LogoThe University of GeorgiaMore United States       
451-500
Tomsk State University LogoTomsk State UniversityMore   Russia      
451-500
Tufts University LogoTufts UniversityMore   United States       
451-500
University of Navarra LogoUniversity of NavarraMore Spain       
451-500
University of Salerno LogoUniversity of SalernoMore Italy       
451-500
Universität Konstanz LogoUniversität KonstanzMore   Germany     
451-500
Universität  Leipzig LogoUniversität LeipzigMore    Germany     
451-500
Université Claude Bernard Lyon 1 LogoUniversité Claude Bernard Lyon 1More   France      
451-500
Université de Lille LogoUniversité de LilleMore France      
451-500
Université Nice Sophia Antipolis LogoUniversité Nice Sophia AntipolisMore   France      
451-500
Universiti Teknologi MARA - UiTM LogoUniversiti Teknologi MARA - UiTMMore   Malaysia        
451-500
University of Canberra LogoUniversity of CanberraMore   Australia       
451-500
University of Connecticut LogoUniversity of ConnecticutMore United States       
451-500
University of Houston LogoUniversity of HoustonMore United States       
451-500
University of Nebraska - Lincoln LogoUniversity of Nebraska - LincolnMore   United States       
451-500
University of Sussex LogoUniversity of SussexMore   United Kingdom      
451-500
University of Tehran LogoUniversity of TehranMore   Iran, Islamic Republic of       
451-500
University of Texas Arlington LogoUniversity of Texas ArlingtonMore United States       
451-500
Vellore Institute of Technology (VIT) LogoVellore Institute of Technology (VIT)More India       
4
451-500
Verona University LogoVerona UniversityMore Italy       
451-500
Victoria University LogoVictoria UniversityMore Australia       
451-500
Vilnius Gediminas Technical University LogoVilnius Gediminas Technical UniversityMore   Lithuania       
451-500
Vilnius University LogoVilnius UniversityMore   Lithuania       
451-500
Wayne State University LogoWayne State UniversityMore   United States       
501-550
AGH University of Science and Technology LogoAGH University of Science and TechnologyMore   Poland      
501-550
Asian Institute of Technology, Thailand LogoAsian Institute of Technology, ThailandMore Thailand        
501-550
Brigham Young University LogoBrigham Young UniversityMore   United States       
501-550
Clemson University LogoClemson UniversityMore   United States       
501-550
Colorado State University LogoColorado State UniversityMore United States       
501-550
Dalian University of Technology LogoDalian University of TechnologyMore China (Mainland)        
501-550
Florida International University LogoFlorida International UniversityMore   United States       
501-550
Goldsmiths, University of London LogoGoldsmiths, University of LondonMore   United Kingdom      
5
501-550
Hanoi University of Science and Technology LogoHanoi University of Science and TechnologyMore   Vietnam     
501-550
International Islamic University Malaysia (IIUM) LogoInternational Islamic University Malaysia (IIUM)More   Malaysia        
4
501-550
Kuwait University LogoKuwait UniversityMore Kuwait      
501-550
Université Laval LogoUniversité LavalMore   Canada      
501-550
Maynooth University LogoMaynooth UniversityMore Ireland     
501-550
Michigan Technological University LogoMichigan Technological UniversityMore United States       
501-550
Oregon State University LogoOregon State UniversityMore United States       
501-550
Pontificia Universidad Javeriana LogoPontificia Universidad JaverianaMore   Colombia        
501-550
Pontifícia Universidade Católica do Rio Grande do Sul (PUCRS) LogoPontifícia Universidade Católica do Rio Grande do Sul (PUCRS)More Brazil      
501-550
Poznań University of Technology LogoPoznań University of TechnologyMore Poland      
501-550
Rutgers University–Newark LogoRutgers University–NewarkMore United States       
501-550
Sabanci University LogoSabanci UniversityMore   Turkey      
501-550
Swansea University LogoSwansea UniversityMore   United Kingdom      
501-550
Temple University LogoTemple UniversityMore United States       
501-550
National Research Tomsk Polytechnic University LogoNational Research Tomsk Polytechnic UniversityMore   Russia      
501-550
Universidad de Antioquia LogoUniversidad de AntioquiaMore   Colombia        
3
501-550
Universidad de Concepción LogoUniversidad de ConcepciónMore Chile       
501-550
Universidad de Guadalajara (UDG) LogoUniversidad de Guadalajara (UDG)More   Mexico      
4
501-550
Universidad Nacional de La Plata (UNLP) LogoUniversidad Nacional de La Plata (UNLP)More Argentina       
501-550
Universidade de Brasília LogoUniversidade de BrasíliaMore   Brazil      
501-550
Universidade Federal de Santa Catarina LogoUniversidade Federal de Santa CatarinaMore   Brazil      
501-550
Universidade Federal do Paraná - UFPR LogoUniversidade Federal do Paraná - UFPRMore Brazil      
501-550
Università degli Studi di Pavia LogoUniversità degli Studi di PaviaMore Italy       
501-550
Universität Duisburg-Essen LogoUniversität Duisburg-EssenMore   Germany     
501-550
University Ulm LogoUniversity UlmMore   Germany     
501-550
Aix-Marseille University LogoAix-Marseille UniversityMore   France      
501-550
Université de Strasbourg LogoUniversité de StrasbourgMore   France      
501-550
The University of Alabama LogoThe University of AlabamaMore United States       
501-550
University of Basel LogoUniversity of BaselMore Switzerland     
501-550
University of Belgrade LogoUniversity of BelgradeMore   Serbia      
501-550
University of Crete LogoUniversity of CreteMore Greece      
501-550
University of Maryland, Baltimore County LogoUniversity of Maryland, Baltimore CountyMore   United States       
501-550
University of New Mexico LogoUniversity of New MexicoMore   United States       
501-550
University of Oregon LogoUniversity of OregonMore   United States       
501-550
University of Pretoria LogoUniversity of PretoriaMore   South Africa        
501-550
University of Southern Denmark (SDU) LogoUniversity of Southern Denmark (SDU)More   Denmark     
501-550
University of Texas at San Antonio LogoUniversity of Texas at San AntonioMore   United States       
501-550
University of the Philippines LogoUniversity of the PhilippinesMore Philippines     
501-550
Wageningen University & Research LogoWageningen University & ResearchMore   Netherlands     
501-550
Worcester Polytechnic Institute LogoWorcester Polytechnic InstituteMore United States       
501-550
Wroclaw University of Science and Technology (WRUST) LogoWroclaw University of Science and Technology (WRUST)More   Poland      
551-600
Amirkabir University of Technology LogoAmirkabir University of TechnologyMore   Iran, Islamic Republic of       
551-600
Babes-Bolyai University LogoBabes-Bolyai UniversityMore Romania     
4
551-600
Bangladesh University of Engineering and Technology LogoBangladesh University of Engineering and TechnologyMore Bangladesh      
551-600
Bina Nusantara University (BINUS) LogoBina Nusantara University (BINUS)More Indonesia       
4
551-600
Technological University of Dublin LogoTechnological University of DublinMore   Ireland     
551-600
Ecole des Ponts ParisTech LogoEcole des Ponts ParisTechMore France      
551-600
Eötvös Loránd University LogoEötvös Loránd UniversityMore   Hungary     
551-600
EURECOM LogoEURECOMMore France      
5
551-600
Ewha Womans University LogoEwha Womans UniversityMore   South Korea     
551-600
Feng Chia University LogoFeng Chia UniversityMore   Taiwan      
551-600
Hiroshima University LogoHiroshima UniversityMore   Japan       
551-600
Indian Institute of Information Technology, Allahabad LogoIndian Institute of Information Technology, AllahabadMore India       
551-600
Jagiellonian University LogoJagiellonian UniversityMore Poland      
551-600
Kingston University, London LogoKingston University, LondonMore United Kingdom      
551-600
Leibniz University Hannover LogoLeibniz University HannoverMore Germany     
551-600
Maastricht University  LogoMaastricht UniversityMore    Netherlands     
551-600
Mahidol University LogoMahidol UniversityMore   Thailand        
551-600
Nara Institute of Science and Technology LogoNara Institute of Science and TechnologyMore   Japan       
551-600
National Institute of Technology, Tiruchirappalli LogoNational Institute of Technology, TiruchirappalliMore India       
551-600
National University of Defense Technology LogoNational University of Defense TechnologyMore China (Mainland)        
551-600
Northwestern Polytechnical University LogoNorthwestern Polytechnical UniversityMore China (Mainland)        
551-600
Osaka Prefecture University LogoOsaka Prefecture UniversityMore Japan       
551-600
Pontificia Universidad Católica del Perú LogoPontificia Universidad Católica del PerúMore   Peru        
551-600
Pusan National University LogoPusan National UniversityMore South Korea     
551-600
Institut Teknologi Sepuluh Nopember (ITS) LogoInstitut Teknologi Sepuluh Nopember (ITS)More Indonesia       
551-600
Tallinn University of Technology (TalTech) LogoTallinn University of Technology (TalTech)More   Estonia     
551-600
Tamkang University LogoTamkang UniversityMore   Taiwan      
551-600
Technical University of Cluj-Napoca LogoTechnical University of Cluj-NapocaMore Romania     
4
551-600
Texas Tech University LogoTexas Tech UniversityMore United States       
551-600
Thammasat University LogoThammasat UniversityMore   Thailand        
551-600
Tilburg University LogoTilburg UniversityMore   Netherlands     
551-600
Universidad Autónoma de Nuevo León LogoUniversidad Autónoma de Nuevo LeónMore   Mexico      
551-600
Universidade Federal de São Carlos (UFSCar) LogoUniversidade Federal de São Carlos (UFSCar)More Brazil      
551-600
University of Modena and Reggio Emilia LogoUniversity of Modena and Reggio EmiliaMore   Italy       
551-600
Bielefeld University LogoBielefeld UniversityMore   Germany     
551-600
Universitat de Valencia LogoUniversitat de ValenciaMore Spain       
551-600
Université de Sherbrooke LogoUniversité de SherbrookeMore   Canada      
551-600
Université Paris Descartes LogoUniversité Paris DescartesMore   France      
551-600
Université Paris-Est Créteil Val de Marne LogoUniversité Paris-Est Créteil Val de MarneMore France      
551-600
Universiti Tunku Abdul Rahman (UTAR) LogoUniversiti Tunku Abdul Rahman (UTAR)More   Malaysia        
551-600
University of Kansas LogoUniversity of KansasMore   United States       
551-600
University of Kentucky LogoUniversity of KentuckyMore   United States       
551-600
University of Maribor LogoUniversity of MariborMore Slovenia        
551-600
University of Massachusetts Boston LogoUniversity of Massachusetts BostonMore   United States       
551-600
University of Missouri, Columbia LogoUniversity of Missouri, ColumbiaMore   United States       
551-600
University of Portsmouth LogoUniversity of PortsmouthMore   United Kingdom      
4
551-600
University of Reading LogoUniversity of ReadingMore United Kingdom      
551-600
Ulster University LogoUlster UniversityMore United Kingdom      
551-600
University of Zagreb LogoUniversity of ZagrebMore   Croatia     
551-600
Ural Federal University - UrFU LogoUral Federal University - UrFUMore   Russia      
551-600
Vietnam National University, Hanoi LogoVietnam National University, HanoiMore   Vietnam     
551-600
Xiamen University LogoXiamen UniversityMore China (Mainland)